<?xml version="1.0" encoding="UTF-8"?>
<project-private xmlns="http://www.netbeans.org/ns/project-private/1">
    <editor-bookmarks xmlns="http://www.netbeans.org/ns/editor-bookmarks/2" lastBookmarkId="1">
        <file>
            <url>src/QuanLyUI/UI.java</url>
            <bookmark id="1">
                <name/>
                <line>28</line>
                <key/>
            </bookmark>
        </file>
    </editor-bookmarks>
    <open-files xmlns="http://www.netbeans.org/ns/projectui-open-files/2">
        <group>
            <file>file:/D:/MyCode/Java/QuanLyTrungTamNgonNgu/src/QuanLyUI/pnThanhVien.java</file>
            <file>file:/D:/MyCode/Java/QuanLyTrungTamNgonNgu/src/ObjectClass/HocVien.java</file>
            <file>file:/D:/MyCode/Java/QuanLyTrungTamNgonNgu/src/QuanLyUI/pnTTHocVien.java</file>
            <file>file:/D:/MyCode/Java/QuanLyTrungTamNgonNgu/src/ObjectClass/People.java</file>
            <file>file:/D:/MyCode/Java/QuanLyTrungTamNgonNgu/src/QuanLyUI/pnTTGiangVien.java</file>
            <file>file:/D:/MyCode/Java/QuanLyTrungTamNgonNgu/src/quanlytrungtamngonngu/QuanLyTrungTamNgonNgu.java</file>
            <file>file:/D:/MyCode/Java/QuanLyTrungTamNgonNgu/src/ObjectClass/GiangVien.java</file>
            <file>file:/D:/MyCode/Java/QuanLyTrungTamNgonNgu/src/QuanLyUI/pnKhoaHoc.java</file>
            <file>file:/D:/MyCode/Java/QuanLyTrungTamNgonNgu/src/QuanLyUI/pnTTKhoaHoc.java</file>
            <file>file:/D:/MyCode/Java/QuanLyTrungTamNgonNgu/src/saveLoad/SaveLoad.java</file>
            <file>file:/D:/MyCode/Java/QuanLyTrungTamNgonNgu/src/QuanLyUI/pnThongKe.java</file>
            <file>file:/D:/MyCode/Java/QuanLyTrungTamNgonNgu/src/QuanLyUI/UI.java</file>
        </group>
    </open-files>
</project-private>
